time,dof_pos_target,dof_pos_actual,dof_tau,base_pos,base_vel
0.020000000000000004,"-0.19321522, 0.44428545,-0.10603254, 0.3135061 , 0.74094796, 0.15062158,
 -0.09132389, 0.02282795, 0.01378892, 0.870887  ,-0.44602612,-0.07472719","-5.75709764e-02,-6.89650505e-04,-2.97801364e-03, 1.25696700e-01,
 -7.61824226e-02, 2.75163929e-05,-5.75709816e-02, 6.89280498e-04,
  2.97818144e-03, 1.25696686e-01,-7.61824383e-02,-2.75557184e-05"," 1.91207935, 0.0882727 , 0.34243801,-0.40267186, 4.12436609,-0.0088946 ,
  1.9120808 ,-0.08823717,-0.34247935,-0.40266388, 4.12437142, 0.00891175","-2.74213073e-03, 8.73750770e-10, 7.90600865e-01","-1.62012177e-01,-1.38150405e-07,-2.08866211e-01"
0.04000000000000002," 0.061129  , 0.30992097,-0.03605631, 0.35305262, 0.5345603 ,-0.06885536,
 -0.43706006,-0.01286099, 0.01562921, 0.82138866,-0.5841227 , 0.04765217","-1.26706095e-01, 1.27539403e-04,-6.02624131e-05, 2.21168655e-01,
 -1.25178152e-01, 3.00536908e-03,-1.92848052e-01, 5.06824037e-03,
  1.19286455e-02, 4.39217877e-01,-2.19444843e-01,-1.61846681e-02","-8.92337367e-01, 4.44797473e+01,-1.08115241e+01,-5.60766284e-01,
  3.74594950e+01, 5.69350559e+00, 2.27739376e+01, 1.39679009e+00,
 -5.61132201e-01, 6.41876112e-01, 1.46085343e+00, 1.99284664e-02","-7.86041436e-03,-5.13196088e-04, 7.87115629e-01","-0.24223555,-0.05070852,-0.14708511"
0.06000000000000004,"-0.15983212, 0.13158448, 0.01593825, 0.361549  , 0.17272227,-0.14730506,
 -0.3683081 ,-0.03064357, 0.06612618, 0.9377832 ,-0.61433256, 0.10714898","-1.63770748e-01,-1.58144287e-03, 4.73449493e-03, 2.64599613e-01,
 -1.39352390e-01,-4.34313071e-03,-2.93411157e-01, 3.66208978e-03,
  1.20510741e-02, 6.96747256e-01,-3.27280143e-01,-6.91046002e-04"," 24.59552711, 31.27295668, -4.63572165,  8.22898952, 27.73234174,
  -1.68668712, -7.30266347, -1.4022933 ,  0.53088659,-18.54706082,
  -0.65149598, -0.03334714","-0.01148646,-0.00174936, 0.78484157","-0.13001998,-0.07743968,-0.08007568"
0.08000000000000006,"-0.318974  , 0.05427412, 0.07938316, 0.3672309 , 0.0611033 ,-0.23522392,
 -0.28279337, 0.01375291, 0.06520291, 1.0277224 ,-0.66212744, 0.12350187","-0.18923034,-0.00399454, 0.01161548, 0.30159389,-0.15452714,-0.01581724,
 -0.3539447 , 0.00466899, 0.02560449, 0.84841096,-0.42086795, 0.03405905"," 5.24014497,13.85958652,-0.1823461 , 1.54898708,14.77781548,-4.20161173,
  3.08074612,-3.64319519, 2.44725972,-9.44417841, 0.30629553,-0.29101147","-0.01404822,-0.00341954, 0.78254336","-0.1134714 ,-0.0882202 ,-0.13068798"
0.10000000000000007,"-0.33354065, 0.16479923, 0.0595233 , 0.42677164, 0.15449102,-0.2720873 ,
 -0.2891983 ,-0.04845789, 0.10708343, 0.99169725,-0.7048803 , 0.08390389","-0.22009406,-0.00870749, 0.02022228, 0.35436586,-0.1793902 ,-0.04244566,
 -0.39067835, 0.00573818, 0.04936863, 0.94499808,-0.50231184, 0.06432005","-7.13179717, 6.82036121, 5.06471191,-8.10145319,12.08214696,-5.04807983,
 13.33312712, 0.79485512,-0.63638868,-2.4572992 , 0.6906623 ,-0.1911063 ","-0.01629846,-0.00527272, 0.77926292","-0.09960857,-0.095263  ,-0.18281202"
0.12000000000000009,"-0.3197463 , 0.16710067, 0.04633446, 0.47048008, 0.16376092,-0.32298127,
 -0.28809568,-0.09411391, 0.14032799, 0.84788257,-0.6786006 ,-0.00492604","-0.25135492,-0.01406175, 0.03108251, 0.41250591,-0.20540963,-0.07863326,
 -0.39936131, 0.00222437, 0.07284239, 0.98001267,-0.57032178, 0.07332168","-5.51796494,18.37606842, 1.76067301,-8.37897539,16.7628365 ,-4.41836131,
 11.007631  ,-4.52730919, 1.40435418,-1.04295541, 0.5552218 ,-0.02174091","-0.01811056,-0.00740085, 0.77532184","-0.08114596,-0.11244425,-0.20885566"
0.1400000000000001,"-0.15697406, 0.01004488, 0.04805532, 0.5608237 , 0.17652379,-0.19033742,
 -0.3500563 ,-0.09374695, 0.13696636, 0.44266635,-0.6121494 ,-0.1270118 ","-0.2772668 ,-0.02011308, 0.0419359 , 0.46570428,-0.22919411,-0.12255024,
 -0.37505822,-0.01112628, 0.09288252, 0.9290563 ,-0.60830734, 0.05162952","-2.13022238,19.36583788,-0.55071258,-8.48944729,17.87847394,-4.00265156,
  5.75624895,-6.74130212, 2.95419718, 1.38815492, 0.17712818, 0.04221522","-0.01936323,-0.00978292, 0.7711418 ","-0.05574144,-0.11991804,-0.22168363"
0.16000000000000011,"-0.24819049,-0.00540713,-0.06045594, 0.6717916 ,-0.31989026, 0.02018471,
 -0.2121039 ,-0.01738863, 0.06004175, 0.23224586,-0.23932524,-0.19760786","-0.28914775,-0.03327205, 0.05138789, 0.50264778,-0.24335643,-0.1237792 ,
 -0.30124278,-0.04126382, 0.10470932, 0.7248562 ,-0.60678204,-0.00377627"," 13.94011176,  5.76061143, -1.33309812,  2.75262178, 18.23046667,
  -3.44747595,-12.48556259, -2.08559114,  2.19650586,  2.40495083,
  -0.77204982,  0.37035783","-0.01955849,-0.01201174, 0.76681806","-0.00319185,-0.10097237,-0.25308662"
0.18000000000000013,"-0.4200927 ,-0.07639957, 0.00629367, 0.6926226 ,-0.49663526, 0.01575441,
 -0.15899053,-0.14096792, 0.17435637, 0.39550754,-0.27561802,-0.23342176","-0.30589476,-0.04723483, 0.0111684 , 0.5679751 ,-0.27754604,-0.08012626,
 -0.25422612,-0.05492898, 0.10059042, 0.57700984,-0.39423959,-0.02204598","  7.15328608,  4.60974068, -2.29814255,  2.62589996,  0.83958499,
  -0.23643785,  2.17992884,  3.45926185, -3.15931476,-38.69770711,
 -15.66485557, -5.95299543","-0.01966406,-0.01524744, 0.76226867"," 0.00922831,-0.21588416,-0.16007086"
0.20000000000000015,"-0.38440168,-0.17458928, 0.10181309, 0.69855547,-0.5709082 ,-0.06396672,
 -0.27749214,-0.12557858, 0.13481706, 0.51329535,-0.20669031,-0.17361622","-0.32034637,-0.03059222,-0.01836084, 0.63851281,-0.34124303,-0.04614144,
 -0.25518762,-0.03576963, 0.08814575, 0.59271006,-0.35003796,-0.02782211"," -8.91415208, -6.73829315,  4.14521226, -3.51322632,  0.07422836,
  -0.31246486,  9.85591281,-12.61447835,  9.90125068,-35.12463904,
   3.11716985, -7.77366791","-0.01945302,-0.01977548, 0.76028292"," 0.02962664,-0.22924942,-0.04390884"
0.22000000000000017,"-0.28703237,-0.13779631, 0.09946676, 0.6730498 ,-0.5077031 ,-0.05253575,
 -0.32607892,-0.08794045, 0.08043295, 0.5152721 ,-0.07305223,-0.11989863","-0.32865895,-0.00526981,-0.00532711, 0.67943799,-0.41394437,-0.04545206,
 -0.26111848,-0.01628807, 0.07597256, 0.62678962,-0.37002216,-0.02870723"," -4.96708447,-18.85686724,  8.65012293, -2.55053195,  0.26649193,
  -0.33265923, -1.01536211,-12.39070429,  6.85946443,-23.16334077,
   8.75275459, -5.8331963 ","-0.01898381,-0.0235714 , 0.75934363"," 0.02218342,-0.15492399,-0.04658111"
0.24000000000000019,"-0.28385878,-0.05217703, 0.07547125, 0.5326813 ,-0.3541003 ,-0.07953455,
 -0.3047937 ,-0.03225042, 0.02953133, 0.60411346,-0.0147076 ,-0.05729159","-0.32488447, 0.00628048, 0.02205132, 0.67718768,-0.44903937,-0.0469324 ,
 -0.26387479,-0.00426882, 0.06613525, 0.64964869,-0.38784727,-0.02671958","  3.10683173,-14.91709792,  5.39623736,  1.73710855,  0.15100141,
  -0.1684833 , -6.13576808, -9.29806645,  2.29741077,-23.4642171 ,
  14.01562868, -3.93435081","-0.01831728,-0.02607619, 0.75859493"," 0.03707673,-0.10204092,-0.0355234 "
0.2600000000000002,"-0.23288324, 0.1394465 ,-0.02503092, 0.38775367,-0.17064439,-0.01010831,
 -0.32294813, 0.00175358,-0.00721766, 0.7570976 ,-0.30212158,-0.03767746","-0.30968681, 0.00382254, 0.02931049, 0.6319281 ,-0.40015143,-0.04517977,
 -0.26474705, 0.00488641, 0.05712094, 0.66345092,-0.39841711,-0.02408143","  1.73773028, -4.96613121,  5.89189413, -8.53923219, -6.00803846,
  -2.12204082, -3.84831196, -4.48543016, -1.98458214,-11.06426206,
  16.13557213, -1.55408841","-0.01756573,-0.0279443 , 0.7577668 "," 0.02808293,-0.08953468,-0.03991294"
0.2800000000000002,"-0.1958574 , 0.31069225,-0.21235305, 0.39432505,-0.09527586, 0.20852867,
 -0.42990997,-0.02085121, 0.02759891, 0.8922865 ,-0.57121015,-0.05196195","-0.30069579, 0.00380938, 0.02162186, 0.59920352,-0.28354054,-0.03500496,
 -0.27870552, 0.00534281, 0.03506093, 0.69633398,-0.40356179,-0.02782245","  6.34118249, 13.34916661, -4.53101834,-28.99000194, -1.35625606,
   0.06637541, -2.77767283,  0.07939041, -1.71144232,  1.89747665,
   4.15759934, -0.04785522","-0.01703787,-0.0297991 , 0.75699828"," 0.02407289,-0.09244255,-0.01191239"
0.3000000000000002,"-0.23642942, 0.3386704 ,-0.17209455, 0.45024276,-0.09133496, 0.28563437,
 -0.43967488,-0.06392661, 0.05303276, 0.9526778 ,-0.62857234,-0.04095484","-3.00642087e-01, 3.97456086e-03, 2.29300711e-02, 5.96885266e-01,
 -2.78320560e-01,-2.25730941e-02,-3.14287511e-01, 4.72773407e-05,
  1.88249436e-02, 7.82487130e-01,-4.51183691e-01,-3.43481005e-02"," 10.42721064, 30.75485552,-23.61208648,-29.81349834,  7.9340736 ,
   8.0838874 , -8.06573736, -1.68589516,  1.80293631, -1.04490337,
   0.10741469, -0.07996455","-0.01697911,-0.03197916, 0.75724566"," 0.00281243,-0.12696016, 0.04400613"
0.32000000000000023,"-0.26431307, 0.26828107,-0.07671268, 0.47021285,-0.10214543, 0.26232147,
 -0.41454974,-0.0511258 , 0.04948843, 0.94653696,-0.61586493,-0.01460535","-0.30111895, 0.00290857, 0.0232902 , 0.59260293,-0.28635959,-0.00772249,
 -0.35484389,-0.00267184, 0.01749715, 0.876224  ,-0.50744398,-0.03646781","  6.50718473, 33.65033571,-19.48780719,-20.3278922 ,  8.45354718,
  10.30329175, -5.01473043, -5.93467476,  3.42442582, -4.22621041,
   0.11804045, -0.10131205","-0.01707894,-0.0348799 , 0.75817092","-0.00289737,-0.16251527, 0.05418343"
0.34000000000000025,"-0.27765933, 0.20199183,-0.02979596, 0.4792009 ,-0.1126867 , 0.23618957,
 -0.38948146,-0.01784323, 0.03147591, 0.8963935 ,-0.5663169 ,-0.00625947","-0.30046735, 0.0031956 , 0.02419239, 0.58599827,-0.29041344, 0.00940079,
 -0.38313919,-0.00505678, 0.02181768, 0.92746986,-0.54350438,-0.03039559"," 3.50164157e+00, 2.64424543e+01,-1.02186785e+01,-1.60599763e+01,
  7.78367831e+00, 8.45514616e+00,-1.06630023e+00,-4.35651782e+00,
  2.30068936e+00,-3.53887885e+00,-1.97645051e-03, 3.82663083e-03","-0.01698165,-0.03836176, 0.75926807"," 0.01137411,-0.18421343, 0.05319271"
0.36000000000000026,"-0.30394757, 0.12137381, 0.01240399, 0.50044936,-0.14061949, 0.17865935,
 -0.32967   , 0.02443406, 0.01426903, 0.78948987,-0.45278972, 0.01031077","-0.29774902, 0.0049406 , 0.02585098, 0.57908009,-0.29159804, 0.02425901,
 -0.39272726,-0.00821418, 0.02592284, 0.92272567,-0.55267346,-0.02314216","  1.74476615, 19.52076561, -5.72772016,-13.83817301,  7.2417436 ,
   7.18153952,  0.72736037, -0.65910319,  0.22581899, -0.41915376,
  -0.15343483,  0.03339124","-0.01650414,-0.04229527, 0.76020975"," 0.02953951,-0.20561607, 0.03473723"
0.3800000000000003,"-0.35153884, 0.0200597 , 0.0610815 , 0.5196993 ,-0.17305878, 0.07107383,
 -0.22663581, 0.06499629, 0.01056758, 0.6270114 ,-0.22869365, 0.03908145","-0.29455165, 0.00834761, 0.02633225, 0.57668038,-0.29367326, 0.02987279,
 -0.38050446,-0.009418  , 0.02848092, 0.85939644,-0.52340262,-0.01333706"," -1.15911337, 10.98060537, -1.41069952,-11.52694717,  6.43586228,
   5.70524814,  3.50759019,  3.42398297, -1.63849042,  3.4498147 ,
  -0.30134493,  0.04249543","-0.01558645,-0.04672206, 0.76050444"," 0.05040327,-0.22952493,-0.01304957"
0.4000000000000003,"-0.33651784,-0.0417982 , 0.05524048, 0.56940943,-0.19795184,-0.00088125,
 -0.18673584, 0.01520355, 0.05519106, 0.44245186,-0.05687031, 0.0302723 ","-0.29156294, 0.01219437, 0.02406974, 0.58181719,-0.2987714 , 0.01503348,
 -0.34208511,-0.00613207, 0.03381711, 0.73501029,-0.4323771 , 0.00236641","-6.15703211e+00, 5.26370860e-01, 3.93809507e+00,-1.10090510e+01,
  5.70260999e+00, 4.12944344e+00, 7.59278953e+00, 6.76071001e+00,
 -2.95353635e+00, 8.34256434e+00,-8.42437530e-01, 1.07477562e-02","-0.01411624,-0.0515611 , 0.75955206"," 0.07770921,-0.2433778 ,-0.09209883"
0.4200000000000003,"-0.38075504,-0.03968594, 0.03294114, 0.638536  ,-0.36610246,-0.0341755 ,
 -0.21289548,-0.1321924 , 0.15986183, 0.47295666,-0.07629632,-0.03167358","-2.89792202e-01, 1.59717996e-02, 1.98265823e-02, 5.92134810e-01,
 -3.05806014e-01,-7.03902118e-03,-3.09025509e-01,-3.60498746e-04,
  3.75352049e-02, 6.43146267e-01,-3.23211960e-01,-5.75733711e-03"," -4.92321258, -6.44109084,  3.93080519, -4.68723215,  4.7892149 ,
   2.00148349, 10.96143817,  0.77321789,  1.85177039,-24.26668643,
   5.91542546,  2.94535195","-0.01251688,-0.0564708 , 0.75794128"," 0.07081421,-0.25302811,-0.02695872"
0.44000000000000034,"-0.4336314 ,-0.00782871, 0.02297278, 0.72178775,-0.46263134,-0.03542597,
 -0.20247242,-0.22978875, 0.18288335, 0.52786934,-0.0784438 ,-0.13026382","-0.29338582, 0.02399978, 0.01162521, 0.61097869,-0.32219924,-0.01610588,
 -0.30774464, 0.01211197, 0.03351546, 0.646052  ,-0.32409071,-0.02236945"," -8.23403565, -7.05438387,  2.94619169,  0.13992118, -0.1443232 ,
  -0.08121873,  9.52904379,-15.66058412, 13.06599621,-27.4119114 ,
  10.96423506,  1.16285856","-0.01142057,-0.06129548, 0.75804376"," 0.05157861,-0.23030374, 0.03361489"
0.46000000000000035,"-0.4495817 ,-0.00541938, 0.01532404, 0.78384113,-0.50959533,-0.02868499,
 -0.21973565,-0.213957  , 0.17602995, 0.5432576 ,-0.06291673,-0.15488306","-0.31284787, 0.02834999, 0.00411929, 0.66256268,-0.36413803,-0.02145071,
 -0.31052118, 0.02369724, 0.02691439, 0.65357683,-0.33555535,-0.03865316"," -9.99767225, -3.83227695,  2.35762335, -1.66313334,  0.07196507,
  -0.11704678, 11.06072742,-26.24621772, 16.20271026,-19.93921504,
  11.24378516, -2.19205454","-0.01078721,-0.06545573, 0.75861467"," 0.02627004,-0.1871826 , 0.03274852"
0.48000000000000037,"-4.6072364e-01,-7.3870271e-04, 4.8753284e-03, 8.2851005e-01,
 -5.2822936e-01,-1.8077914e-02,-2.2835842e-01,-2.0038918e-01,
  1.5754086e-01, 5.5138659e-01,-4.6147555e-02,-1.4855523e-01","-0.34200313, 0.02626955, 0.0007876 , 0.72803508,-0.41021866,-0.02315228,
 -0.31430944, 0.03115239, 0.02103128, 0.65709626,-0.34200219,-0.0517218 "," -8.11491801, -2.78105481,  1.61271873, -3.122217  ,  0.05202621,
  -0.13035491,  9.79464956,-25.06586791, 15.94390692,-17.47386552,
  11.61175328, -3.0194249 ","-0.01048878,-0.06873757, 0.75910935"," 0.01340472,-0.14379665, 0.02509341"
0.5000000000000003,"-0.4735625 , 0.00332836,-0.00424172, 0.86233217,-0.53317124,-0.01017471,
 -0.2328887 ,-0.20600055, 0.14582479, 0.55728316,-0.01235676,-0.15231036","-0.37168812, 0.01801034,-0.00100749, 0.78528831,-0.44806699,-0.02231056,
 -0.31832592, 0.03552144, 0.01708851, 0.65803757,-0.34454835,-0.06034525","-6.36951373e+00,-9.91726531e-01, 6.81826043e-01,-2.86672970e+00,
 -1.13440774e-02, 6.99822051e-02, 9.33845386e+00,-2.39132055e+01,
  1.43332433e+01,-1.60530377e+01, 1.20930756e+01,-2.83395571e+00","-0.0103062 ,-0.07123904, 0.75947978"," 0.01063956,-0.10949963, 0.01754863"
0.5200000000000004,"-4.8769984e-01, 6.8620667e-03,-1.1746820e-02, 8.8828510e-01,
 -5.3376979e-01, 1.8228218e-04,-2.3619664e-01,-2.2609754e-01,
  1.4289623e-01, 5.6247973e-01, 2.4219409e-02,-1.6539896e-01","-0.39848527, 0.00611902,-0.00217825, 0.82850353,-0.47528895,-0.01926324,
 -0.3221105 , 0.03808484, 0.01427009, 0.65800161,-0.345213  ,-0.06594213"," -5.25073339,  0.84462681, -0.14917819, -1.79205583, -0.06890194,
   0.06922641,  9.23797654,-24.60340644, 13.3768533 ,-15.0604158 ,
  13.34296338, -2.99260384","-0.01013129,-0.07314807, 0.75971503"," 0.01086327,-0.08413272, 0.00996818"
0.5400000000000004,"-0.5030467 , 0.00766595,-0.0163138 , 0.9076569 ,-0.5329429 , 0.00949961,
 -0.23824513,-0.24641846, 0.14320344, 0.5671054 , 0.05399184,-0.18318586","-0.42209671,-0.0068339 ,-0.0026609 , 0.85978933,-0.49356633,-0.01389655,
 -0.3255605 , 0.03963691, 0.01182265, 0.65795854,-0.34528127,-0.06998568"," -4.56778487,  2.52718763, -0.9018548 , -0.67609445, -0.11895377,
   0.06368103,  9.22383094,-26.69236444, 13.31335539,-14.31733277,
  14.78264938, -3.47612945","-0.00994342,-0.07460418, 0.75980575"," 0.01109338,-0.06380423, 0.00238761"
0.5600000000000004,"-0.516874  , 0.00491718,-0.01820064, 0.9219153 ,-0.53044486, 0.01601277,
 -0.24203327,-0.26051387, 0.14344677, 0.5706173 , 0.07165433,-0.20163763","-0.44295103,-0.01905967,-0.0023851 , 0.88248946,-0.50529439,-0.00717771,
 -0.32872078, 0.04053591, 0.00945431, 0.65840092,-0.34541101,-0.07314017"," -4.24328962,  3.72159798, -1.45031588,  0.17423027, -0.16046274,
   0.06210402,  9.31071196,-28.76286583, 13.58089067,-13.79288444,
  15.99441572, -4.13387347","-0.00975449,-0.07568635, 0.759758  "," 0.01058236,-0.04648376,-0.00415197"
0.5800000000000004,"-5.2790397e-01, 2.2760779e-04,-1.8559236e-02, 9.3195635e-01,
 -5.2665800e-01, 2.0344052e-02,-2.4773762e-01,-2.6714367e-01,
  1.4226139e-01, 5.7189322e-01, 7.3922738e-02,-2.1614335e-01","-4.61374264e-01,-2.95613010e-02,-1.50732248e-03, 8.99075683e-01,
 -5.12174764e-01,-4.47619989e-04,-3.31712913e-01, 4.09448036e-02,
  7.13842164e-03, 6.59648759e-01,-3.45929932e-01,-7.57891529e-02"," -3.98934275,  4.3197943 , -1.78093281,  0.79422095, -0.19165771,
   0.06849091,  9.22407552,-30.17150333, 13.83018962,-13.62981222,
  16.76900507, -4.80436037","-0.00957919,-0.07643715, 0.75958476"," 0.00940908,-0.03049676,-0.01043846"
0.6000000000000004,"-0.5357018 ,-0.00529272,-0.01789389, 0.9385488 ,-0.5218807 , 0.02330573,
 -0.25482488,-0.2688829 , 0.14034575, 0.5706376 , 0.06162681,-0.22486302","-4.77366623e-01,-3.77947392e-02,-2.40845734e-04, 9.11008970e-01,
 -5.15431517e-01, 5.50750503e-03,-3.34587731e-01, 4.10353485e-02,
  5.00367864e-03, 6.61847262e-01,-3.47034397e-01,-7.80516792e-02"," -3.70961401,  4.46400394, -1.95710405,  1.26837928, -0.21353105,
   0.08023609,  8.93034988,-30.8206379 , 13.90734972,-13.94265382,
  16.96184635, -5.32960303","-0.00941823,-0.07688404, 0.75929828"," 0.00868074,-0.01583635,-0.01585855"
0.6200000000000004,"-0.54002255,-0.01128798,-0.01649034, 0.9421315 ,-0.5163871 , 0.02539281,
 -0.26278195,-0.26721716, 0.1381835 , 0.5673656 , 0.03901841,-0.22763279","-4.90667436e-01,-4.37020801e-02, 8.01196651e-04, 9.19126569e-01,
 -5.16284580e-01, 1.04561444e-02,-3.37162393e-01, 4.09382275e-02,
  3.10626334e-03, 6.64799146e-01,-3.48749873e-01,-7.97428767e-02"," -3.40512273,  4.29680383, -1.95463008,  1.67306761, -0.18801932,
   0.09095065,  8.44664482,-30.97109218, 13.88458036,-14.69760272,
  16.59534511, -5.66895754","-0.00925213,-0.07704557, 0.75892289"," 0.00931179,-0.00193175,-0.01985543"
0.6400000000000005,"-0.54068017,-0.01787392,-0.01437778, 0.9429167 ,-0.5106891 , 0.02669693,
 -0.27068457,-0.26239175, 0.1357286 , 0.5631028 , 0.01182157,-0.22517897","-0.50089612,-0.04743192, 0.00121211, 0.92396894,-0.51620049, 0.01444738,
 -0.33915984, 0.04072216, 0.00147802, 0.66817412,-0.35100832,-0.08062427","-3.09641012e+00, 3.88248746e+00,-1.79022670e+00, 2.03399663e+00,
 -2.29305029e-02, 9.76869097e-02, 7.79307806e+00,-3.07725374e+01,
  1.38073427e+01,-1.57564225e+01, 1.58305029e+01,-5.82451063e+00","-0.00904884,-0.07692995, 0.75848982"," 0.01169779, 0.01194247,-0.02221487"
0.6600000000000005,"-0.5383272 ,-0.02576644,-0.01089809, 0.9404447 ,-0.50454146, 0.02750426,
 -0.27747777,-0.2541541 , 0.1321542 , 0.55906403,-0.01331177,-0.21868995","-5.07707052e-01,-4.91173296e-02, 1.27066806e-03, 9.25844851e-01,
 -5.14513668e-01, 1.75769186e-02,-3.40375035e-01, 4.04080079e-02,
  1.84831681e-04, 6.71677125e-01,-3.53690689e-01,-8.07312057e-02","-2.78972505e+00, 3.21429897e+00,-1.56568861e+00, 2.37051206e+00,
 -2.35291149e-02, 9.96663216e-02, 7.05354225e+00,-3.02503743e+01,
  1.36600913e+01,-1.69326991e+01, 1.48861881e+01,-5.78597229e+00","-0.00877573,-0.07653172, 0.75803186"," 0.01557267, 0.02629465,-0.02301886"
0.6800000000000005,"-0.53278214,-0.03561576,-0.00542113, 0.9350006 ,-0.49817866, 0.02771967,
 -0.28296176,-0.24219362, 0.12719068, 0.55622745,-0.03111202,-0.20953543","-5.10985609e-01,-4.93516789e-02, 1.06512426e-03, 9.25310014e-01,
 -5.11355899e-01, 1.99782341e-02,-3.40765093e-01, 3.99210201e-02,
 -7.39887934e-04, 6.75140533e-01,-3.56678566e-01,-7.99502485e-02","-2.54063974e+00, 2.35367647e+00,-1.16102366e+00, 2.46652875e+00,
 -2.84627971e-02, 9.80842944e-02, 6.34219138e+00,-2.93557527e+01,
  1.33618293e+01,-1.80528538e+01, 1.40287557e+01,-5.65233299e+00","-0.0084093 ,-0.07583063, 0.75757366"," 0.02037227, 0.04225355,-0.02283142"
0.7000000000000005,"-0.52365845,-0.04890288, 0.00341273, 0.92596734,-0.491742  , 0.02760584,
 -0.28581628,-0.22630206, 0.12073325, 0.5559329 ,-0.03728735,-0.19990076","-5.10715237e-01,-4.90284207e-02, 7.49144785e-04, 9.22156894e-01,
 -5.07061347e-01, 2.17335599e-02,-3.40518960e-01, 3.91136311e-02,
 -1.24598116e-03, 6.78530293e-01,-3.59836881e-01,-7.81749715e-02"," -2.3257617 ,  1.2997664 , -0.59174574,  2.60885031, -0.03900982,
   0.09306411,  5.71892558,-28.05037488, 12.87939402,-18.9644223 ,
  13.45347084, -5.44674638","-0.00794816,-0.07479312, 0.75713406"," 0.0248533 , 0.05942911,-0.02167993"
0.7200000000000005,"-0.5112632 ,-0.06719912, 0.01720151, 0.9113082 ,-0.485142  , 0.02737091,
 -0.28779116,-0.20606248, 0.11185514, 0.5584551 ,-0.03000785,-0.19145305","-5.06626001e-01,-4.88201226e-02, 7.33703194e-04, 9.15729141e-01,
 -5.02012168e-01, 2.29545865e-02,-3.39568811e-01, 3.79812743e-02,
 -1.40499955e-03, 6.81638641e-01,-3.62993498e-01,-7.56322965e-02","-2.16976876e+00,-1.58390626e-02, 2.60129994e-01, 2.81805790e+00,
 -4.16133076e-02, 8.56639888e-02, 5.27183279e+00,-2.63202074e+01,
  1.22220329e+01,-1.94139103e+01, 1.33298749e+01,-5.22900596e+00","-0.00738134,-0.0733998 , 0.75673347"," 0.03025975, 0.07754325,-0.01973773"
0.7400000000000005,"-0.49548545,-0.09066422, 0.03678123, 0.8860968 ,-0.47680342, 0.02699209,
 -0.28814667,-0.1796624 , 0.10023142, 0.5659369 ,-0.00830147,-0.18525974","-0.49841208,-0.04884486, 0.00296543, 0.90508669,-0.49639217, 0.0238505 ,
 -0.33792609, 0.03653707,-0.00129169, 0.68442049,-0.36605006,-0.07257888"," -2.11697954, -1.82453416,  1.1412555 ,  3.00070813, -0.04624043,
   0.06940308,  4.85489999,-24.12547358, 11.30281526,-19.39824592,
  13.73324946, -5.05682933","-0.00670878,-0.07163519, 0.75637389"," 0.03490839, 0.09626667,-0.0183524 "
0.7600000000000006,"-0.47733334,-0.11462275, 0.05876839, 0.8415355 ,-0.46064585, 0.02718776,
 -0.28428647,-0.14746721, 0.08410193, 0.5800929 , 0.02531338,-0.18018517","-4.85629519e-01,-4.96309160e-02, 9.45087464e-03, 8.87757116e-01,
 -4.89774653e-01, 2.44956672e-02,-3.35950679e-01, 3.47390486e-02,
 -7.71866533e-04, 6.87186048e-01,-3.69033427e-01,-6.91712001e-02"," -2.22405465, -3.97711412,  2.05689859,  3.13626224, -0.06477418,
   0.05286725,  4.61019632,-21.27045545, 10.05146384,-18.72360194,
  14.72062003, -4.97884619","-0.00595741,-0.06946917, 0.75603143"," 0.03756829, 0.11700539,-0.01899694"
0.7800000000000006,"-0.45437792,-0.12380373, 0.07100062, 0.7648697 ,-0.42191613, 0.03089277,
 -0.27669904,-0.1133929 , 0.0655095 , 0.599844  , 0.05724443,-0.17092648","-4.67345605e-01,-5.25386026e-02, 2.05180058e-02, 8.58437245e-01,
 -4.79937485e-01, 2.51051557e-02,-3.34109437e-01, 3.25458225e-02,
  1.45284406e-04, 6.90412714e-01,-3.72083223e-01,-6.54807135e-02"," -2.72981793, -5.85595547,  2.75351741,  3.24358948, -0.11881223,
   0.03935862,  4.84430784,-17.8041845 ,  8.32129864,-17.20727598,
  16.20100928, -4.94781303","-0.00516687,-0.06688178, 0.75565577"," 0.03781428, 0.13737744,-0.02338913"
0.8000000000000006,"-0.41575286,-0.09912468, 0.06055709, 0.6451689 ,-0.340105  , 0.04033906,
 -0.27099243,-0.07513589, 0.04611688, 0.6186945 , 0.04873732,-0.14580074","-0.44175918,-0.05815657, 0.0341667 , 0.80800205,-0.46071645, 0.02658624,
 -0.33257364, 0.03064226, 0.00101011, 0.69420488,-0.37525305,-0.06152351"," -3.65280369, -5.98625882,  2.47569896,  3.47379278, -0.24697789,
   0.03993809,  5.49121657,-14.27637338,  6.40765957,-14.93513241,
  17.61989491, -4.75278706","-0.00436288,-0.06395005, 0.75515882"," 0.0368621 , 0.15066306,-0.03410891"
0.8200000000000006,"-0.3414546 ,-0.02952078, 0.03239897, 0.49540073,-0.20319147, 0.03871482,
 -0.2752425 ,-0.00749487, 0.01796154, 0.6448074 ,-0.0700907 ,-0.09519064","-0.40577493,-0.06435416, 0.04527828, 0.7246581 ,-0.42130952, 0.03022233,
 -0.3307032 , 0.03140894, 0.00083125, 0.69792119,-0.37855603,-0.05721156"," -4.34009506, -2.9828946 ,  0.72872232,  4.27573589, -0.47620267,
   0.06429175,  5.83666261,-10.87354434,  4.63289126,-12.63378982,
  17.42841228, -3.93569207","-0.0034981 ,-0.06093548, 0.75437021"," 0.03959763, 0.14580874,-0.05670943"
0.8400000000000006,"-0.35977247, 0.01097733,-0.01386851, 0.38036817,-0.28145823, 0.05380067,
 -0.30574632, 0.13036846,-0.02661376, 0.71614236,-0.30496845,-0.05064067","-0.37327283,-0.06702092, 0.04520024, 0.64108301,-0.30357566, 0.05052013,
 -0.32697506, 0.03621641,-0.00107914, 0.69927771,-0.38129883,-0.05214043","  1.28003271,  3.84664822, -0.83823086,-11.01193774, -9.77276879,
  -2.26871574,  4.74965841, -4.81151564,  2.1181992 , -8.00613956,
  12.60121005, -2.22454527","-0.00260152,-0.05818584, 0.7534319 "," 0.04035285, 0.13227468,-0.03272586"
0.8600000000000007,"-0.31171533, 0.08031262,-0.09747753, 0.44850892,-0.31964815, 0.1515056 ,
 -0.381543  , 0.17297894,-0.02367878, 0.78906393,-0.4690168 ,-0.05044224","-3.66948051e-01,-6.97339268e-02, 4.42475625e-02, 6.25460460e-01,
 -2.58692575e-01, 6.49036662e-02,-3.23532382e-01, 3.63776420e-02,
  1.52371473e-05, 6.97495780e-01,-3.81720514e-01,-4.90648209e-02","  0.4020506 ,  8.51378841, -5.91709698,-35.65431866, -1.96830578,
  -1.60947524,  1.51662881,  9.64081524, -2.98120432,  3.21061133,
   3.02496792, -0.21215045","-0.00202882,-0.05536071, 0.75366967","0.02488278,0.14994949,0.04732471"
0.8800000000000007,"-0.26979706, 0.16302311,-0.10921735, 0.47790796,-0.2630697 , 0.22086   ,
 -0.42343482, 0.09374305, 0.01318951, 0.85233575,-0.5443628 ,-0.03912714","-0.36763294,-0.07507057, 0.04512929, 0.62600022,-0.2634409 , 0.07666739,
 -0.33197486, 0.0429642 , 0.01525037, 0.72753334,-0.40666221,-0.04906659"," 5.74041322e+00, 1.60000939e+01,-1.42531630e+01,-2.69430162e+01,
 -1.50629587e+00, 1.94489641e+00,-3.92950238e+00, 1.20211542e+01,
 -5.43753656e+00, 1.95838066e+00, 8.84942218e-02,-1.64892457e-03","-0.00179868,-0.05279167, 0.75444222","0.00951997,0.11102846,0.03920854"
0.9000000000000007,"-0.25327617, 0.2046313 ,-0.12273058, 0.47931927,-0.23607075, 0.25472742,
 -0.44460887, 0.06535438, 0.02080651, 0.89580005,-0.5784354 ,-0.02798525","-0.36909418,-0.07979609, 0.04591209, 0.62650548,-0.26953076, 0.08774058,
 -0.34951483, 0.05420096, 0.02743123, 0.78599825,-0.44922995,-0.04716637","  9.99151294, 24.67849091,-15.59046546,-22.17640601,  0.71322628,
   4.32522593, -5.77846316,  2.99721776, -2.16238455, -1.12749454,
   0.1275436 ,  0.12514407","-0.00169728,-0.05074375, 0.75505125","0.00818919,0.09337155,0.03013974"
0.9200000000000007,"-0.24431494, 0.21847615,-0.13273592, 0.47759312,-0.2398077 , 0.2537264 ,
 -0.47143224, 0.05714782, 0.01826009, 0.92892784,-0.5921856 ,-0.01672607","-0.36785948,-0.08356096, 0.04699954, 0.62351291,-0.2717048 , 0.09706112,
 -0.36700563, 0.06203779, 0.02783775, 0.8448929 ,-0.49043892,-0.04201725"," 11.23857484, 29.11529595,-17.05959676,-20.85116626,  1.52368602,
   5.50297883, -6.34270579, -0.27470949, -0.44639838, -2.28123598,
   0.0482287 ,  0.06512603","-0.00147955,-0.04903073, 0.75565336","0.01666065,0.07760551,0.03386703"
0.9400000000000007,"-0.23887041, 0.22004116,-0.13837476, 0.47714266,-0.24788022, 0.24525127,
 -0.4890431 , 0.05090424, 0.01551961, 0.95216995,-0.5963436 ,-0.00855889","-0.36444955,-0.0858215 , 0.04768964, 0.61834562,-0.27158485, 0.1032215 ,
 -0.3817442 , 0.06698869, 0.02040524, 0.89227578,-0.52284212,-0.03454561"," 1.16602909e+01, 3.05772604e+01,-1.80808577e+01,-2.00860309e+01,
  1.21634454e+00, 5.53407873e+00,-7.75629079e+00,-1.39027844e+00,
  5.85420739e-01,-2.19800878e+00,-5.18345262e-02, 2.44488647e-02","-0.00111855,-0.047666  , 0.75633498","0.02156785,0.05939821,0.03668969"
0.9600000000000007,"-0.23704562, 0.21842617,-0.13821152, 0.47717518,-0.24890196, 0.24034947,
 -0.49707976, 0.04828188, 0.0112812 , 0.96763843,-0.5954823 ,-0.00276552","-0.36039283,-0.08650685, 0.04772414, 0.61292219,-0.27069227, 0.10626827,
 -0.39456864, 0.07077281, 0.01040798, 0.92679974,-0.54572419,-0.02648969"," 1.17762863e+01, 3.06715078e+01,-1.85918456e+01,-1.93846670e+01,
  8.19790215e-01, 5.34786727e+00,-8.36468467e+00,-2.32031522e+00,
  1.40212751e+00,-1.64716648e+00,-1.37306121e-01, 2.23160350e-04","-6.73882160e-04,-4.66607809e-02, 7.57043218e-01","0.02451083,0.04225243,0.03582766"
0.9800000000000008,"-0.23983335, 0.21627566,-0.13250288, 0.47698945,-0.23715955, 0.23861417,
 -0.49805185, 0.05041372, 0.00481482, 0.9786807 ,-0.5919308 , 0.00162588","-0.35634155,-0.08607642, 0.04720568, 0.6082983 ,-0.26989335, 0.10731977,
 -0.40602296, 0.07391604, 0.00115004, 0.94980073,-0.56055896,-0.01899941"," 1.15658499e+01, 3.03839404e+01,-1.84781946e+01,-1.88853933e+01,
  7.77821179e-01, 5.26385593e+00,-8.12784842e+00,-2.83577290e+00,
  1.78056827e+00,-8.38337280e-01,-1.94835761e-01,-4.36125989e-03","-1.62207164e-04,-4.59742370e-02, 7.57703582e-01","0.02765905,0.02749125,0.03154098"
1.0000000000000007,"-0.24757263, 0.21288118,-0.12286438, 0.476479  ,-0.21435377, 0.23836952,
 -0.4939591 , 0.05588311,-0.00311387, 0.9863506 ,-0.58665717, 0.00479695","-0.35246743,-0.08496391, 0.04642293, 0.6050031 ,-0.26960689, 0.10752032,
 -0.41636837, 0.07618939,-0.00631314, 0.96400899,-0.56921693,-0.01251248"," 1.09161850e+01, 3.00095176e+01,-1.78163096e+01,-1.86778779e+01,
  1.29100789e+00, 5.23793080e+00,-7.27937861e+00,-2.75617937e+00,
  1.71294149e+00, 8.23532262e-02,-2.26357267e-01, 4.91795628e-03"," 4.16911102e-04,-4.55602755e-02, 7.58259245e-01","0.0308842 ,0.01501266,0.0253331 "
1.0200000000000007,"-0.2598413 , 0.20864064,-0.11136414, 0.47482145,-0.18691503, 0.23842177,
 -0.48581538, 0.06276356,-0.01151019, 0.99142677,-0.5803897 , 0.00675335","-0.34872021,-0.08351097, 0.04570442, 0.60303734,-0.26985876, 0.1074296 ,
 -0.42564284, 0.07719972,-0.01210244, 0.9722274 ,-0.5732597 ,-0.00717974"," 9.77731877e+00, 2.95021519e+01,-1.67952255e+01,-1.87005279e+01,
  2.26686966e+00, 5.25366319e+00,-6.03844326e+00,-2.18814029e+00,
  1.36074180e+00, 9.26609577e-01,-2.41469136e-01, 2.19435924e-02"," 0.0010574 ,-0.04537838, 0.7586878 ","0.03368739,0.00412865,0.01856535"
1.0400000000000007,"-0.27497342, 0.20422354,-0.09965238, 0.47139245,-0.16172105, 0.2381756 ,
 -0.47463486, 0.06941607,-0.01936767, 0.9941754 ,-0.57371926, 0.00741354","-0.34504242,-0.08184021, 0.04527178, 0.60225405,-0.27066236, 0.10705536,
 -0.43358641, 0.07715201,-0.0163704 , 0.97644975,-0.57430131,-0.00305839","  8.18878051, 28.89271649,-15.63262229,-19.03803633,  3.44867897,
   5.30216124, -4.55711613, -1.41392786,  0.81667613,  1.67704051,
  -0.20171006,  0.04320098"," 0.00174919,-0.04541252, 0.7589892 "," 0.03585886,-0.00655083, 0.01243898"
1.0600000000000007,"-0.29088628, 0.20018566,-0.0885393 , 0.4665783 ,-0.14434865, 0.23669037,
 -0.4615947 , 0.07507277,-0.02606077, 0.9938205 ,-0.56721634, 0.00703769","-3.41311971e-01,-8.01364106e-02, 4.51625355e-02, 6.02148698e-01,
 -2.71815767e-01, 1.06361230e-01,-4.39689972e-01, 7.60943946e-02,
 -1.97901396e-02, 9.77835869e-01,-5.74002602e-01,-1.84167012e-04"," 6.29315832e+00, 2.82866286e+01,-1.44794638e+01,-1.96143475e+01,
  4.52377742e+00, 5.34862160e+00,-3.00793244e+00,-5.46937788e-01,
  3.22007504e-01, 2.33164609e+00,-2.57366011e-02, 6.45110038e-02"," 0.00248059,-0.04565385, 0.75919217"," 0.03738883,-0.01666036, 0.008347  "
1.0800000000000007,"-0.30530444, 0.19513138,-0.0783072 , 0.46141595,-0.13706544, 0.23298684,
 -0.44852093, 0.07899863,-0.03103359, 0.9880243 ,-0.56005394, 0.00545659","-0.33748255,-0.07856007, 0.04537506, 0.60218421,-0.27308622, 0.10536104,
 -0.44347363, 0.07422303,-0.02275367, 0.97714342,-0.57201079, 0.0015215 "," 4.31475199e+00, 2.77374134e+01,-1.34192591e+01,-2.03517669e+01,
  5.27642633e+00, 5.35798347e+00,-1.54433786e+00, 2.64272486e-01,
 -8.91872618e-02, 2.71660434e+00,-1.31348976e-02, 8.31846328e-02"," 0.00323662,-0.0461004 , 0.75933175"," 0.03808208,-0.02711592, 0.00560948"
1.1000000000000008,"-0.31562382, 0.18610384,-0.06904411, 0.4570307 ,-0.139698  , 0.22610477,
 -0.43471125, 0.08278682,-0.03460119, 0.9741774 ,-0.55184585, 0.00194112","-0.33376885,-0.07703505, 0.04589492, 0.60217973,-0.27440308, 0.10399705,
 -0.44428754, 0.07216918,-0.02518469, 0.97333913,-0.56832094, 0.00211999"," 2.52668246e+00, 2.70823770e+01,-1.24785038e+01,-2.11140515e+01,
  5.62154269e+00, 5.29915333e+00,-4.27050035e-01, 8.62796739e-01,
 -3.94574273e-01, 3.03728429e+00,-1.82500980e-02, 9.85085395e-02"," 0.00399905,-0.04676506, 0.75943183"," 0.0374344 ,-0.03807262, 0.00364213"
1.1200000000000008,"-0.32129884, 0.1711417 ,-0.06006913, 0.45404905,-0.15188473, 0.21551463,
 -0.41992837, 0.08905358,-0.0376111 , 0.94836205,-0.54133654,-0.00346633","-0.33035229,-0.07561314, 0.04669903, 0.60192756,-0.27566526, 0.10220687,
 -0.44139192, 0.0704198 ,-0.02683244, 0.9642867 ,-0.5631186 , 0.00220397"," 1.18538332e+00, 2.60519418e+01,-1.16581114e+01,-2.16868187e+01,
  5.56015604e+00, 5.13524159e+00, 3.14187505e-01, 1.38128831e+00,
 -6.61118250e-01, 3.35981366e+00,-2.34265545e-02,-1.08511769e-02"," 0.00475761,-0.04765108, 0.75950627"," 0.03700943,-0.04899159, 0.00186193"
1.1400000000000008,"-0.32248303, 0.15039718,-0.05110054, 0.4526595 ,-0.17030525, 0.20057827,
 -0.4017195 , 0.09869524,-0.04001793, 0.90721345,-0.52554613,-0.0110961 ","-0.32723191,-0.07446074, 0.0476569 , 0.60136161,-0.27686675, 0.09993362,
 -0.43367714, 0.0694101 ,-0.02747122, 0.94697872,-0.55612975, 0.00113167","  0.33734109, 24.47367077,-10.86990082,-21.99604147,  5.11498726,
   4.8465171 ,  0.57547342,  2.03914567, -0.98624778,  3.68482643,
  -0.03858056, -0.07414175"," 0.00553109,-0.04876096, 0.75955261"," 0.03768491,-0.05986524,-0.00054649"
1.1600000000000008,"-0.32493424, 0.12202685,-0.03954938, 0.45331162,-0.1922502 , 0.17507982,
 -0.37164178, 0.11048903,-0.0401611 , 0.8461419 ,-0.4936757 ,-0.01898903","-0.32434106,-0.0738747 , 0.04860076, 0.60053047,-0.27804043, 0.09712875,
 -0.41996231, 0.06919503,-0.02747591, 0.91793135,-0.54623047,-0.0021056 "," -0.04430591, 22.40228407,-10.06741038,-22.05266635,  4.42725664,
   4.40989849,  0.47778547,  2.95597953, -1.27081214,  4.09507709,
  -0.07030831, -0.04627675"," 0.00635306,-0.05009127, 0.75954842"," 0.04020172,-0.07053917,-0.00483243"
1.1800000000000008,"-0.3485547 , 0.07103232,-0.01190273, 0.45935172,-0.22323081, 0.11406027,
 -0.30691066, 0.12186731,-0.03409154, 0.75184226,-0.404342  ,-0.01821866","-0.32152601,-0.07409625, 0.04944687, 0.59981155,-0.27941888, 0.09347146,
 -0.39861318, 0.07048154,-0.02598841, 0.87267311,-0.52942165,-0.00702609"," -0.56270838, 19.67719733, -8.99261532,-21.90254003,  3.63376111,
   3.61740014,  0.64607602,  3.86072656, -1.60659892,  4.77181988,
  -0.13622613, -0.0258976 "," 0.00728252,-0.05164507, 0.75944254"," 0.04610337,-0.08080065,-0.01263487"
1.2000000000000008,"-0.37010404, 0.01201767, 0.02078416, 0.47680297,-0.23836176, 0.03091011,
 -0.22940058, 0.09869681,-0.00614609, 0.62503237,-0.2305714 ,-0.00764387","-0.31861332,-0.07571105, 0.05016415, 0.60028928,-0.28161703, 0.08779887,
 -0.36580422, 0.07376659,-0.02085803, 0.80206268,-0.49052482,-0.0104154 "," -3.20988721, 14.90270046, -6.30027442,-21.40927885,  2.59462726,
   1.60390039,  2.73260414,  4.51534261, -1.89060792,  6.11241764,
  -0.32438293, -0.03665263"," 0.00843181,-0.05339362, 0.75909574"," 0.05808311,-0.08803971,-0.03196325"
1.2200000000000009,"-0.35743654,-0.03660115, 0.02587341, 0.55533665,-0.24523267,-0.01636234,
 -0.18714988, 0.01170709, 0.05596881, 0.46095997,-0.04902855, 0.00285741","-0.31577287,-0.0811911 , 0.05145303, 0.60330134,-0.28525536, 0.08032329,
 -0.31835412, 0.07575158,-0.00945614, 0.69982129,-0.40915305,-0.01066524"," -5.6153158 , 10.00495623, -3.26303972,-19.80859305,  2.29619822,
  -1.30380377,  4.43539587,  2.2886115 , -0.88685521,  7.99226526,
  -0.69596027,  0.10622623"," 0.00988453,-0.05511175, 0.75814889"," 0.07224922,-0.07846835,-0.07409199"
1.2400000000000009,"-0.41240773,-0.03958619, 0.02418053, 0.63841474,-0.35256028,-0.01851295,
 -0.16771597,-0.17433254, 0.14828229, 0.48534423, 0.01595303,-0.07282785","-0.31484346,-0.0861106 , 0.05311295, 0.60872847,-0.28975458, 0.07133053,
 -0.28444164, 0.07757244, 0.00067211, 0.6240678 ,-0.30259641,-0.04781436"," -4.35951066,  4.98356332, -2.8327532 , -8.55313833,  2.06341608,
  -2.46638317,  8.28338512, -6.93497088,  5.06001203,-18.27206804,
   5.60808749,  6.02074215"," 0.01122855,-0.0568999 , 0.75710302"," 0.05504006,-0.10608171,-0.00223949"
1.260000000000001,"-0.46290216,-0.03827935, 0.03119637, 0.73267627,-0.45206338,-0.01702017,
 -0.14774731,-0.26951262, 0.19035643, 0.53031397, 0.05771603,-0.18331762","-0.31978474,-0.07977814, 0.05042639, 0.62253548,-0.30449686, 0.04345148,
 -0.28093849, 0.08473221, 0.00090017, 0.61805208,-0.30332127,-0.07332519"," -8.66129489,  3.209074  , -2.25116343, -0.69208783, -0.40300499,
   0.23823617, 11.17572987,-26.67557656, 14.87221338,-19.55722719,
  13.7683157 ,  1.93781766"," 0.01204423,-0.0591958 , 0.75761431"," 0.03802873,-0.11918984, 0.04704837"
1.280000000000001,"-0.4882698 ,-0.04149704, 0.02386234, 0.7928416 ,-0.50835407, 0.00494619,
 -0.15620705,-0.23864599, 0.16846624, 0.54238343, 0.0760832 ,-0.20902164","-0.33988737,-0.07050147, 0.04391523, 0.67205799,-0.34867916, 0.02246235,
 -0.28242012, 0.0923729 ,-0.00198809, 0.61814661,-0.31402886,-0.09077563","-10.18950223,  2.43234314, -0.69591464, -1.29668612,  0.12463085,
   0.11383749, 13.6490302 ,-36.77477379, 19.46918225,-13.17405409,
  15.76348   , -2.20957229"," 0.01242799,-0.06137028, 0.75838067"," 0.0141172 ,-0.09527033, 0.03972281"
1.300000000000001,"-0.48911348,-0.05457173, 0.01992631, 0.83909947,-0.5271102 , 0.01223157,
 -0.18242788,-0.20094419, 0.1347855 , 0.54354274, 0.09833492,-0.19188502","-0.36896745,-0.06375696, 0.03563265, 0.73770198,-0.39921619, 0.01563326,
 -0.28551305, 0.09692601,-0.00429905, 0.61776916,-0.31991784,-0.10343442","-9.30929841e+00, 1.70311866e+00,-4.49743347e-01,-3.29940754e+00,
  8.53823502e-02,-2.72792144e-02, 1.32069564e+01,-3.38663311e+01,
  1.74244468e+01,-1.11630949e+01, 1.62461397e+01,-3.18111485e+00"," 0.01250496,-0.06302748, 0.75899928"," 0.00264527,-0.06962868, 0.03077988"
1.320000000000001,"-0.48849687,-0.06475102, 0.01582229, 0.87643844,-0.52956986, 0.01118199,
 -0.21040103,-0.18336885, 0.11507146, 0.5416521 , 0.1189778 ,-0.18244179","-0.39812761,-0.0601298 , 0.02630486, 0.79535536,-0.44058927, 0.01428695,
 -0.28898895, 0.09859752,-0.00566228, 0.61701919,-0.32212974,-0.11078584","-6.62215661e+00, 3.00594902e-01, 1.63788950e-01,-2.85359133e+00,
  2.43153139e-02,-3.17129540e-02, 1.09537756e+01,-3.00277486e+01,
  1.41281999e+01,-1.08637679e+01, 1.69496972e+01,-2.69197079e+00"," 0.01245505,-0.06419278, 0.7594875 ","-0.00199983,-0.04756928, 0.02403461"
1.340000000000001,"-0.49531457,-0.06671325, 0.0089951 , 0.90233445,-0.52645737, 0.01150903,
 -0.22750956,-0.1821604 , 0.10784589, 0.539784  , 0.12282468,-0.18259332","-0.42418345,-0.05893437, 0.01712091, 0.83925664,-0.46955421, 0.0140193 ,
 -0.29279207, 0.09821855,-0.00642117, 0.61671844,-0.32269494,-0.11432972"," -4.24706568, -0.64046773,  0.63375815, -1.43519523, -0.02947348,
  -0.09378885,  8.58051504,-28.07262047, 12.19067761,-11.23896991,
  17.69551732, -2.47858181"," 0.01232684,-0.06494846, 0.75985639","-0.0064994 ,-0.02893056, 0.01728914"
1.360000000000001,"-0.5088518 ,-0.06344523, 0.00140313, 0.9189618 ,-0.522047  , 0.01288131,
 -0.2332133 ,-0.18860944, 0.10887886, 0.5395413 , 0.11051448,-0.18827362","-0.44655081,-0.05910249, 0.00926817, 0.87083869,-0.48776571, 0.01385305,
 -0.29706245, 0.09648086,-0.00677105, 0.61730598,-0.32294972,-0.11579665"," -3.01399274, -0.73337684,  0.6004977 , -0.24468229, -0.09190243,
  -0.07941785,  7.3399239 ,-27.67592292, 11.47738262,-11.77526044,
  17.85478777, -2.57810181"," 0.01212272,-0.06536147, 0.7601052 ","-0.01049687,-0.01354698, 0.01125736"
1.380000000000001,"-0.523272  ,-0.05925608,-0.00531733, 0.9286119 ,-0.5170545 , 0.01478853,
 -0.23553693,-0.1938124 , 0.11222053, 0.5394449 , 0.08494504,-0.19358419","-0.46524782,-0.05980285, 0.00293888, 0.89260104,-0.49814002, 0.01376876,
 -0.30169391, 0.09385385,-0.00686773, 0.61892109,-0.32353066,-0.11633725"," -2.81238691, -0.30367667,  0.35241286,  0.57879473, -0.14805671,
  -0.02976695,  7.26314623,-27.98811451, 11.57488746,-12.25858908,
  17.42990263, -2.84712473"," 0.01186119,-0.06548239, 0.76024542","-1.30397445e-02, 2.85670543e-05, 5.76566896e-03"
1.400000000000001,"-0.5340878 ,-0.05647219,-0.01022671, 0.93290526,-0.5111657 , 0.01728528,
 -0.2393983 ,-0.19511443, 0.11537797, 0.53770494, 0.04896535,-0.19440994","-0.48043116,-0.06042187,-0.00209095, 0.90677919,-0.50312629, 0.01379863,
 -0.30645443, 0.09066816,-0.00683612, 0.6216129 ,-0.3246918 ,-0.1164283 "," -3.03849385,  0.15265193,  0.0798614 ,  1.1297191 , -0.1905395 ,
   0.033876  ,  7.51152922,-28.15012521, 11.89957208,-12.87272059,
  16.51176327, -3.08947151"," 0.01157684,-0.06535196, 0.76028559","-0.01352979, 0.01169315, 0.00066691"
1.420000000000001,"-0.54012144,-0.05576495,-0.01294927, 0.93301505,-0.50399446, 0.02004163,
 -0.24548078,-0.19312161, 0.1175242 , 0.53430516, 0.00781199,-0.1903459 ","-0.49214239,-0.06057395,-0.00621592, 0.91490797,-0.50444978, 0.01408685,
 -0.31099663, 0.08720495,-0.00675345, 0.62518611,-0.32647613,-0.11599253"," -3.25388115,  0.4075414 , -0.05242697,  1.55372372, -0.2131251 ,
   0.09742015,  7.55190952,-27.91491613, 12.20465495,-13.82224652,
  15.20478377, -3.20034062"," 0.01131505,-0.06500042, 0.76023603","-0.01158154, 0.02235453,-0.00379122"
1.440000000000001,"-0.5409924 ,-0.05725277,-0.01340776, 0.9299075 ,-0.49615818, 0.02249124,
 -0.25290248,-0.18880373, 0.118584  , 0.5305048 ,-0.03215155,-0.18293668","-0.50030638,-0.06021001,-0.00975521, 0.91807094,-0.50418717, 0.0151572 ,
 -0.31498635, 0.0836511 ,-0.00663189, 0.62936558,-0.32886335,-0.11477041","-3.35537077e+00, 3.84778312e-01,-2.93563482e-02, 1.91660411e+00,
 -2.71420905e-02, 8.94116461e-02, 7.28574467e+00,-2.73605782e+01,
  1.24044203e+01,-1.50528149e+01, 1.37089936e+01,-3.15898602e+00"," 0.01112388,-0.06443736, 0.76011168","-0.00725636, 0.03259917,-0.00745735"
1.460000000000001,"-0.5382598 ,-0.06165897,-0.01088326, 0.9241107 ,-0.4877069 , 0.02450601,
 -0.26109785,-0.18238553, 0.11756876, 0.5272492 ,-0.06459069,-0.17354198","-0.504978  ,-0.05906298,-0.01236972, 0.91758486,-0.50171039, 0.01676027,
 -0.31818505, 0.08024989,-0.00644932, 0.63388117,-0.33174956,-0.11286993"," -3.2817003 ,  0.05167266,  0.1016303 ,  2.08379696, -0.03355088,
   0.08188973,  6.7884517 ,-26.60846713, 12.48709732,-16.35178977,
  12.27145095, -2.99643869"," 0.01104425,-0.06366812, 0.75992246","-0.00105526, 0.0429562 ,-0.0107324 "
1.480000000000001,"-0.5310275 ,-0.06945432,-0.004715  , 0.9161034 ,-0.4791029 , 0.0257411 ,
 -0.26827738,-0.17302118, 0.11521353, 0.52574486,-0.0846255 ,-0.16376801","-0.50617131,-0.05733484,-0.01379866, 0.91399822,-0.49716344, 0.01858834,
 -0.32055017, 0.07706777,-0.00620186, 0.63856942,-0.33501232,-0.1104484 "," -3.1889635 , -0.599053  ,  0.38848382,  2.27949442, -0.05249972,
   0.07401946,  6.13747861,-25.66757315, 12.35742227,-17.57134615,
  11.13740619, -2.76259494"," 0.01109936,-0.06267908, 0.75968147"," 0.00553865, 0.05435182,-0.01330491"
1.500000000000001,"-0.5201247 ,-0.08157379, 0.00586171, 0.9059642 ,-0.4713573 , 0.02689581,
 -0.27371556,-0.16035877, 0.1106649 , 0.526451  ,-0.08998276,-0.15459411","-0.5040963 ,-0.05572424,-0.01409676, 0.9076297 ,-0.49119442, 0.02031771,
 -0.32225944, 0.07407716,-0.0058915 , 0.64333924,-0.33851247,-0.10763545"," -2.96153518, -1.50152594,  0.94342908,  2.51204271, -0.06093386,
   0.06753633,  5.53597634,-24.44894081, 12.08446356,-18.52152554,
  10.49573212, -2.51887288"," 0.01129039,-0.0614446 , 0.75939988"," 0.01233174, 0.06723173,-0.01520449"
1.5200000000000011,"-0.5063739 ,-0.09848949, 0.02144885, 0.8920743 ,-0.4649706 , 0.02868361,
 -0.27771562,-0.14316058, 0.10322833, 0.52973604,-0.07989115,-0.14662895","-0.49866799,-0.0546999 ,-0.01235851, 0.89869979,-0.4845806 , 0.02197438,
 -0.3233442 , 0.07126605,-0.00540745, 0.64809001,-0.34213263,-0.10451918"," -2.71510427, -2.74914524,  1.60719331,  2.76190557, -0.05971251,
   0.05469112,  5.04510091,-22.91648398, 11.56206577,-19.12308022,
  10.43702684, -2.30506456"," 0.01162473,-0.05993307, 0.75909193"," 0.01945863, 0.08182128,-0.01642492"
1.5400000000000011,"-0.49034134,-0.12031824, 0.0426715 , 0.87041795,-0.459046  , 0.03123109,
 -0.2790661 ,-0.12104494, 0.09282976, 0.5369052 ,-0.05416992,-0.14017914","-0.48970237,-0.05459437,-0.00695918, 0.88699125,-0.47796364, 0.02379409,
 -0.32383252, 0.06861884,-0.00462533, 0.65275503,-0.34577472,-0.10115947"," -2.55088238, -4.35919187,  2.25780045,  2.93586856, -0.05631474,
   0.03869482,  4.64361003,-20.95006769, 10.71369915,-19.30673891,
  10.98506798, -2.14283153"," 0.01209874,-0.05811405, 0.75876902"," 0.02590243, 0.09744618,-0.0173325 "
1.5600000000000012,"-0.47266522,-0.14351729, 0.06680702, 0.833219  ,-0.44875622, 0.03475072,
 -0.2751261 ,-0.09427738, 0.07954915, 0.5495044 ,-0.01443915,-0.13448267","-0.47692767,-0.05609316, 0.00314009, 0.87076266,-0.47144902, 0.0259833 ,
 -0.32392543, 0.0661214 ,-0.00359409, 0.65731865,-0.34934765,-0.09760378"," -2.56445371, -6.20250329,  2.95963983,  3.02623844, -0.06264832,
   0.02083029,  4.49190243,-18.50076454,  9.55440189,-18.90332067,
  12.15110336, -2.04639594"," 0.01268404,-0.05596763, 0.75842926"," 0.03037827, 0.1141882 ,-0.0188182 "
1.5800000000000012,"-0.45232067,-0.15422237, 0.08236323, 0.7677537 ,-0.42022043, 0.04224176,
 -0.2649449 ,-0.06536097, 0.06313955, 0.5666684 , 0.02734369,-0.1252936 ","-0.45943134,-0.06040958, 0.01780722, 0.8454528 ,-0.46358609, 0.02871936,
 -0.3237553 , 0.06380597,-0.00241228, 0.66177342,-0.35280122,-0.09386412","-2.97365767e+00,-7.80736526e+00, 3.51647079e+00, 3.08807934e+00,
 -9.57066639e-02, 4.56503207e-03, 4.85545712e+00,-1.56171788e+01,
  8.10449606e+00,-1.76705175e+01, 1.38681065e+01,-1.98399100e+00"," 0.01335083,-0.05348144, 0.75806256"," 0.03305143, 0.13057975,-0.02176256"
1.6000000000000012,"-0.41971025,-0.13089615, 0.07427557, 0.6590338 ,-0.3475468 , 0.05795231,
 -0.25468037,-0.03281746, 0.04378552, 0.58282197, 0.03286988,-0.10437621","-0.43541074,-0.0680272 , 0.03500983, 0.80260923,-0.44902414, 0.0328861 ,
 -0.32313191, 0.06231057,-0.00153088, 0.66571977,-0.35597267,-0.08995632","-3.93554037e+00,-7.83600566e+00, 3.21492980e+00, 3.20298311e+00,
 -1.96232233e-01, 8.86842916e-05, 5.77474675e+00,-1.26883394e+01,
  6.42829278e+00,-1.55810364e+01, 1.56356150e+01,-1.78122529e+00"," 0.014085  ,-0.05072339, 0.75763241"," 0.03496001, 0.14083273,-0.02830943"
1.6200000000000012,"-0.3551763 ,-0.06304949, 0.04533839, 0.5184807 ,-0.22606866, 0.06913692,
 -0.25080627, 0.01494191, 0.02130562, 0.59745   ,-0.06258163,-0.07652843","-0.40167706,-0.07705462, 0.04945666, 0.72958227,-0.41590727, 0.04033664,
 -0.3211876 , 0.06371891,-0.00201861, 0.66803889,-0.35859937,-0.08597111","-4.94216115e+00,-4.60641424e+00, 1.39062787e+00, 3.70425285e+00,
 -4.16077643e-01, 1.50624570e-02, 6.47685715e+00,-9.93341198e+00,
  4.71945799e+00,-1.31594167e+01, 1.59028630e+01,-1.08879999e+00"," 0.01493381,-0.04793181, 0.75702813"," 0.04010601, 0.13391571,-0.04399526"
1.6400000000000012,"-0.32209802, 0.00532756, 0.01237794, 0.38911226,-0.21403809, 0.06653021,
 -0.27387512, 0.10723063,-0.0127753 , 0.65095586,-0.27219206,-0.04818128","-0.36008291,-0.08164345, 0.05289675, 0.62998132,-0.3387798 , 0.05880325,
 -0.31670635, 0.07160019,-0.00538772, 0.66790452,-0.36088226,-0.08269567"," -2.4642029 ,  2.24720569, -0.04415497, -1.5261134 , -5.74819453,
  -2.91175548,  6.18032834, -6.52668814,  3.12743865,-10.32484131,
  12.09039707, -0.03430896"," 0.01598822,-0.04554635, 0.75597902"," 0.04250623, 0.10768288,-0.0549494 "
1.6600000000000013,"-0.30131128, 0.08608875,-0.08343433, 0.42423218,-0.26763782, 0.15535524,
 -0.36030903, 0.17685445,-0.02663282, 0.7477813 ,-0.43842763,-0.04826387","-0.34733752,-0.08218481, 0.04625635, 0.59626906,-0.2520382 , 0.07721584,
 -0.3110983 , 0.07727133,-0.00845713, 0.66353818,-0.36110331,-0.07829501","  2.06671933,  8.82012331, -3.14620979,-29.32882854, -1.5888536 ,
  -1.75976352,  3.12164755,  2.82533741, -0.33119799, -0.63263833,
   3.4499729 ,  0.69121652"," 0.01678417,-0.04325765, 0.75566313","0.03726167,0.12853407,0.02958718"
1.6800000000000013,"-0.2601004 , 0.1625649 ,-0.1128242 , 0.46460468,-0.23352414, 0.22435865,
 -0.4089423 , 0.11313488, 0.00649536, 0.82047313,-0.5306288 ,-0.0393613 ","-3.48710036e-01,-8.48431425e-02, 4.58793403e-02, 5.99880254e-01,
 -2.53095901e-01, 8.90633379e-02,-3.16581710e-01, 8.19665563e-02,
  1.87529295e-04, 6.89435010e-01,-3.83191867e-01,-6.94436384e-02","  4.95819195, 17.40388726,-12.92296793,-27.29866085,  0.20299035,
   1.6227718 , -3.55578717,  8.93994486, -3.65610772,  2.11286428,
   0.08084102,  0.07175806"," 0.01716816,-0.04080199, 0.75628006","0.01510195,0.11727921,0.0381692 "
